{
    "CISCO_prices": [
        67.9,
        68.92,
        67.86,
        67.58,
        67.7,
        67.32,
        67.87,
        67.715,
        67.705,
        67.9,
        69.175,
        67.95,
        68.435,
        68.915,
        69.81,
        70.31,
        70.41,
        68.55,
        67.11,
        69.305,
        69.78,
        69.06,
        70.12,
        70.58,
        70.86,
        70.6,
        70.635,
        70.54,
        71.2,
        72.68,
        71.37,
        72.72,
        74.61,
        73.9,
        72.22,
        71.71,
        71.385,
        71.76,
        71.74,
        71.905,
        77.95,
        76.58,
        77.885,
        77.55,
        77.3,
        79.12,
        75.64,
        76.49,
        76.49,
        76.455,
        76.14,
        76.665,
        76.155,
        76.585,
        77.69,
        77.97,
        78.21,
        78.79,
        78.83,
        80.24,
        79.46,
        78.21,
        78.105,
        77.9,
        76.33,
        76.97,
        79.015,
        77.605,
        78.02,
        78.095,
        78.03,
        77.81,
        77.34,
        76.645,
        76.45,
        75.525,
        75.12,
        74.31,
        73.45,
        72.91,
        73.99,
        74.93,
        75.22,
        75.64,
        74.52,
        73.945,
        74.105,
        73.95,
        76.47,
        77.19,
        78.93,
        79.105,
        78.09,
        78.12,
        80.81,
        83.98,
        80.86,
        83.555,
        84.73,
        86.97,
        86.06,
        79.61,
        74.375,
        76.95,
        76.55,
        77.99,
        78.13,
        78.85,
        77.74,
        78.45,
        78.94,
        77.65,
        78.745,
        78.38,
        79.2,
        79.99,
        78.515,
        77.18,
        77.14,
        77.635,
        76.95,
        78.07,
        78.92,
        79.18,
        79.74,
        77.55,
        78.445,
        78.64,
        78.37,
        81.0,
        82.07,
        81.975,
        79.86,
        77.89,
        78.0,
        76.73
    ],
    "CISCO_sma_profit": 6.194999999999993,
    "CISCO_sma_returns": 9.14863767259838,
    "CISCO_mr_profit": 15.744999999999976,
    "CISCO_mr_returns": 23.461481150350135
}